ISO,Country,Subregion,Region
DJI,Djibouti,Sub-Saharan Africa,Africa
SDN,Sudan,Northern Africa,Africa
SOM,Somalia,Sub-Saharan Africa,Africa
AGO,Angola,Sub-Saharan Africa,Africa
BGD,Bangladesh,Southern Asia,Asia
GTM,Guatemala,Latin America and the Caribbean,Americas
IRN,Iran (Islamic Republic of),Southern Asia,Asia
MOZ,Mozambique,Sub-Saharan Africa,Africa
ZAF,South Africa,Sub-Saharan Africa,Africa
BRA,Brazil,Latin America and the Caribbean,Americas
IND,India,Southern Asia,Asia
USA,United States of America,Northern America,Americas
ROU,Romania,Eastern Europe,Europe
BGR,Bulgaria,Eastern Europe,Europe
CHN,China,Eastern Asia,Asia
REU,Réunion,Sub-Saharan Africa,Africa
PHL,Philippines,South-eastern Asia,Asia
BWA,Botswana,Sub-Saharan Africa,Africa
MNG,Mongolia,Eastern Asia,Asia
RUS,Russian Federation,Eastern Europe,Europe
COG,Congo,Sub-Saharan Africa,Africa
AFG,Afghanistan,Southern Asia,Asia
ETH,Ethiopia,Sub-Saharan Africa,Africa
TZA,United Republic of Tanzania,Sub-Saharan Africa,Africa
LSO,Lesotho,Sub-Saharan Africa,Africa
KEN,Kenya,Sub-Saharan Africa,Africa
BIH,Bosnia and Herzegovina,Southern Europe,Europe
ISL,Iceland,Northern Europe,Europe
NAM,Namibia,Sub-Saharan Africa,Africa
COL,Colombia,Latin America and the Caribbean,Americas
IDN,Indonesia,South-eastern Asia,Asia
ZWE,Zimbabwe,Sub-Saharan Africa,Africa
EGY,Egypt,Northern Africa,Africa
ISR,Israel,Western Asia,Asia
JOR,Jordan,Western Asia,Asia
SWZ,Eswatini,Sub-Saharan Africa,Africa
AUS,Australia,Australia and New Zealand,Oceania
ZMB,Zambia,Sub-Saharan Africa,Africa
MDG,Madagascar,Sub-Saharan Africa,Africa
NGA,Nigeria,Sub-Saharan Africa,Africa
ARG,Argentina,Latin America and the Caribbean,Americas
MWI,Malawi,Sub-Saharan Africa,Africa
PAK,Pakistan,Southern Asia,Asia
COD,Democratic Republic of the Congo,Sub-Saharan Africa,Africa
PER,Peru,Latin America and the Caribbean,Americas
BOL,Bolivia (Plurinational State of),Latin America and the Caribbean,Americas
TCD,Chad,Sub-Saharan Africa,Africa
AUT,Austria,Western Europe,Europe
NER,Niger,Sub-Saharan Africa,Africa
MYS,Malaysia,South-eastern Asia,Asia
CMR,Cameroon,Sub-Saharan Africa,Africa
CZE,Czechia,Eastern Europe,Europe
JPN,Japan,Eastern Asia,Asia
CAF,Central African Republic,Sub-Saharan Africa,Africa
BEN,Benin,Sub-Saharan Africa,Africa
TUR,Türkiye,Western Asia,Asia
HUN,Hungary,Eastern Europe,Europe
KOR,Republic of Korea,Eastern Asia,Asia
SCG,Serbia Montenegro,Southern Europe,Europe
ECU,Ecuador,Latin America and the Caribbean,Americas
SAU,Saudi Arabia,Western Asia,Asia
HND,Honduras,Latin America and the Caribbean,Americas
GUF,French Guiana,Latin America and the Caribbean,Americas
KAZ,Kazakhstan,Central Asia,Asia
BDI,Burundi,Sub-Saharan Africa,Africa
FSM,Micronesia (Federated States of),Micronesia,Oceania
GBR,United Kingdom of Great Britain and Northern Ireland,Northern Europe,Europe
BLR,Belarus,Eastern Europe,Europe
URY,Uruguay,Latin America and the Caribbean,Americas
MEX,Mexico,Latin America and the Caribbean,Americas
GRC,Greece,Southern Europe,Europe
CHL,Chile,Latin America and the Caribbean,Americas
LBR,Liberia,Sub-Saharan Africa,Africa
HRV,Croatia,Southern Europe,Europe
CYP,Cyprus,Western Asia,Asia
UKR,Ukraine,Eastern Europe,Europe
NIC,Nicaragua,Latin America and the Caribbean,Americas
FRA,France,Western Europe,Europe
ESP,Spain,Southern Europe,Europe
VNM,Viet Nam,South-eastern Asia,Asia
UGA,Uganda,Sub-Saharan Africa,Africa
SLE,Sierra Leone,Sub-Saharan Africa,Africa
CRI,Costa Rica,Latin America and the Caribbean,Americas
LAO,Lao People's Democratic Republic,South-eastern Asia,Asia
THA,Thailand,South-eastern Asia,Asia
CAN,Canada,Northern America,Americas
KHM,Cambodia,South-eastern Asia,Asia
NPL,Nepal,Southern Asia,Asia
BTN,Bhutan,Southern Asia,Asia
PRY,Paraguay,Latin America and the Caribbean,Americas
MAR,Morocco,Northern Africa,Africa
IRL,Ireland,Northern Europe,Europe
TWN,Taiwan (Province of China),Eastern Asia,Asia
RWA,Rwanda,Sub-Saharan Africa,Africa
SVK,Slovakia,Eastern Europe,Europe
MLI,Mali,Sub-Saharan Africa,Africa
NZL,New Zealand,Australia and New Zealand,Oceania
LVA,Latvia,Northern Europe,Europe
PRK,Democratic People's Republic of Korea,Eastern Asia,Asia
ITA,Italy,Southern Europe,Europe
SLV,El Salvador,Latin America and the Caribbean,Americas
LKA,Sri Lanka,Southern Asia,Asia
YEM,Yemen,Western Asia,Asia
PAN,Panama,Latin America and the Caribbean,Americas
MKD,North Macedonia,Southern Europe,Europe
BLZ,Belize,Latin America and the Caribbean,Americas
VEN,Venezuela (Bolivarian Republic of),Latin America and the Caribbean,Americas
CHE,Switzerland,Western Europe,Europe
SGP,Singapore,South-eastern Asia,Asia
KGZ,Kyrgyzstan,Central Asia,Asia
NOR,Norway,Northern Europe,Europe
DZA,Algeria,Northern Africa,Africa
GIN,Guinea,Sub-Saharan Africa,Africa
TJK,Tajikistan,Central Asia,Asia
PNG,Papua New Guinea,Melanesia,Oceania
AZE,Azerbaijan,Western Asia,Asia
HTI,Haiti,Latin America and the Caribbean,Americas
MDA,Republic of Moldova,Eastern Europe,Europe
TKM,Turkmenistan,Central Asia,Asia
POL,Poland,Eastern Europe,Europe
MHL,Marshall Islands,Micronesia,Oceania
CUB,Cuba,Latin America and the Caribbean,Americas
GMB,Gambia,Sub-Saharan Africa,Africa
JAM,Jamaica,Latin America and the Caribbean,Americas
UZB,Uzbekistan,Central Asia,Asia
ARM,Armenia,Western Asia,Asia
GEO,Georgia,Western Asia,Asia
PRT,Portugal,Southern Europe,Europe
BFA,Burkina Faso,Sub-Saharan Africa,Africa
VUT,Vanuatu,Melanesia,Oceania
SYR,Syrian Arab Republic,Western Asia,Asia
TGO,Togo,Sub-Saharan Africa,Africa
GHA,Ghana,Sub-Saharan Africa,Africa
WSM,Samoa,Polynesia,Oceania
PRI,Puerto Rico,Latin America and the Caribbean,Americas
TLS,Timor-Leste,South-eastern Asia,Asia
SHN,Saint Helena,Sub-Saharan Africa,Africa
DEU,Germany,Western Europe,Europe
CIV,Côte d’Ivoire,Sub-Saharan Africa,Africa
MRT,Mauritania,Sub-Saharan Africa,Africa
DOM,Dominican Republic,Latin America and the Caribbean,Americas
CYM,Cayman Islands,Latin America and the Caribbean,Americas
SPI,Canary Islands,Northern Africa,Africa
COK,Cook Islands,Polynesia,Oceania
GAB,Gabon,Sub-Saharan Africa,Africa
BHS,Bahamas,Latin America and the Caribbean,Americas
TON,Tonga,Polynesia,Oceania
LTU,Lithuania,Northern Europe,Europe
MMR,Myanmar,South-eastern Asia,Asia
ALB,Albania,Southern Europe,Europe
SEN,Senegal,Sub-Saharan Africa,Africa
MUS,Mauritius,Sub-Saharan Africa,Africa
BEL,Belgium,Western Europe,Europe
SWE,Sweden,Northern Europe,Europe
GUM,Guam,Micronesia,Oceania
SYC,Seychelles,Sub-Saharan Africa,Africa
BRB,Barbados,Latin America and the Caribbean,Americas
GRD,Grenada,Latin America and the Caribbean,Americas
VCT,Saint Vincent and the Grenadines,Latin America and the Caribbean,Americas
NLD,Netherlands (Kingdom of the),Western Europe,Europe
DNK,Denmark,Northern Europe,Europe
LBN,Lebanon,Western Asia,Asia
SLB,Solomon Islands,Melanesia,Oceania
MNP,Northern Mariana Islands,Micronesia,Oceania
GNB,Guinea-Bissau,Sub-Saharan Africa,Africa
CPV,Cabo Verde,Sub-Saharan Africa,Africa
FJI,Fiji,Melanesia,Oceania
TUN,Tunisia,Northern Africa,Africa
NCL,New Caledonia,Melanesia,Oceania
OMN,Oman,Western Asia,Asia
IRQ,Iraq,Western Asia,Asia
ASM,American Samoa,Polynesia,Oceania
HKG,"China, Hong Kong Special Administrative Region",Eastern Asia,Asia
ERI,Eritrea,Sub-Saharan Africa,Africa
LUX,Luxembourg,Western Europe,Europe
SVN,Slovenia,Southern Europe,Europe
BMU,Bermuda,Northern America,Americas
COM,Comoros,Sub-Saharan Africa,Africa
NIU,Niue,Polynesia,Oceania
TCA,Turks and Caicos Islands,Latin America and the Caribbean,Americas
LCA,Saint Lucia,Latin America and the Caribbean,Americas
TTO,Trinidad and Tobago,Latin America and the Caribbean,Americas
VIR,United States Virgin Islands,Latin America and the Caribbean,Americas
DMA,Dominica,Latin America and the Caribbean,Americas
GLP,Guadeloupe,Latin America and the Caribbean,Americas
MDV,Maldives,Southern Asia,Asia
GNQ,Equatorial Guinea,Sub-Saharan Africa,Africa
EST,Estonia,Northern Europe,Europe
GUY,Guyana,Latin America and the Caribbean,Americas
TKL,Tokelau,Polynesia,Oceania
FIN,Finland,Northern Europe,Europe
STP,Sao Tome and Principe,Sub-Saharan Africa,Africa
SUR,Suriname,Latin America and the Caribbean,Americas
MSR,Montserrat,Latin America and the Caribbean,Americas
SRB,Serbia,Southern Europe,Europe
MTQ,Martinique,Latin America and the Caribbean,Americas
MNE,Montenegro,Southern Europe,Europe
SSD,South Sudan,Sub-Saharan Africa,Africa
KIR,Kiribati,Micronesia,Oceania
ATG,Antigua and Barbuda,Latin America and the Caribbean,Americas
KNA,Saint Kitts and Nevis,Latin America and the Caribbean,Americas
PSE,State of Palestine,Western Asia,Asia
PYF,French Polynesia,Polynesia,Oceania
TUV,Tuvalu,Polynesia,Oceania
WLF,Wallis and Futuna Islands,Polynesia,Oceania
PLW,Palau,Micronesia,Oceania
LBY,Libya,Northern Africa,Africa
MAC,"China, Macao Special Administrative Region",Eastern Asia,Asia
AIA,Anguilla,Latin America and the Caribbean,Americas
BLM,Saint Barthélemy,Latin America and the Caribbean,Americas
MAF,Saint Martin (French Part),Latin America and the Caribbean,Americas
SXM,Sint Maarten (Dutch part),Latin America and the Caribbean,Americas
VGB,British Virgin Islands,Latin America and the Caribbean,Americas
ARE,United Arab Emirates,Western Asia,Asia
QAT,Qatar,Western Asia,Asia
KWT,Kuwait,Western Asia,Asia
MLT,Malta,Southern Europe,Europe
LIE,Liechtenstein,Western Europe,Europe
MYT,Mayotte,Sub-Saharan Africa,Africa
